,precision,recall,f1-score,support
TV,0.8461538461538461,0.8918918918918919,0.868421052631579,37.0
after,0.6756756756756757,0.7142857142857143,0.6944444444444444,35.0
airplane,0.9743589743589743,0.95,0.9620253164556962,40.0
all,0.7419354838709677,0.5897435897435898,0.6571428571428573,39.0
alligator,0.8378378378378378,0.7948717948717948,0.8157894736842105,39.0
animal,0.7837837837837838,0.8285714285714286,0.8055555555555555,35.0
another,0.6744186046511628,0.7837837837837838,0.725,37.0
any,0.7222222222222222,0.7428571428571429,0.732394366197183,35.0
apple,0.9722222222222222,0.9459459459459459,0.9589041095890412,37.0
arm,0.7804878048780488,0.8888888888888888,0.8311688311688312,36.0
aunt,0.8333333333333334,0.9210526315789473,0.875,38.0
awake,0.4666666666666667,0.3684210526315789,0.4117647058823529,38.0
backyard,0.8846153846153846,0.6216216216216216,0.7301587301587302,37.0
bad,0.8181818181818182,0.7297297297297297,0.7714285714285715,37.0
balloon,0.918918918918919,0.8717948717948718,0.8947368421052632,39.0
bath,0.7272727272727273,0.7058823529411765,0.7164179104477613,34.0
because,0.9696969696969697,0.8,0.8767123287671234,40.0
bed,0.7317073170731707,0.8571428571428571,0.7894736842105263,35.0
bedroom,0.6785714285714286,0.5,0.5757575757575758,38.0
bee,0.875,0.9459459459459459,0.9090909090909091,37.0
before,0.7741935483870968,0.6857142857142857,0.7272727272727272,35.0
beside,0.39473684210526316,0.4838709677419355,0.43478260869565216,31.0
better,0.8205128205128205,0.8888888888888888,0.8533333333333333,36.0
bird,0.875,0.875,0.875,40.0
black,0.8974358974358975,0.9210526315789473,0.9090909090909091,38.0
blow,0.8918918918918919,0.8461538461538461,0.868421052631579,39.0
blue,0.7608695652173914,0.9722222222222222,0.853658536585366,36.0
boat,0.8571428571428571,0.8108108108108109,0.8333333333333334,37.0
book,0.6756756756756757,0.7142857142857143,0.6944444444444444,35.0
boy,0.75,0.9473684210526315,0.8372093023255814,38.0
brother,0.8947368421052632,0.85,0.8717948717948718,40.0
brown,0.9743589743589743,0.95,0.9620253164556962,40.0
bug,0.875,0.9210526315789473,0.8974358974358975,38.0
bye,0.8636363636363636,0.926829268292683,0.8941176470588236,41.0
callonphone,0.9736842105263158,1.0,0.9866666666666666,37.0
can,0.7142857142857143,0.6944444444444444,0.7042253521126761,36.0
car,0.7560975609756098,0.8611111111111112,0.8051948051948052,36.0
carrot,0.9117647058823529,0.8157894736842105,0.861111111111111,38.0
cat,0.7894736842105263,0.7692307692307693,0.7792207792207793,39.0
cereal,0.875,0.7368421052631579,0.7999999999999999,38.0
chair,0.7857142857142857,0.8918918918918919,0.8354430379746834,37.0
cheek,0.8235294117647058,0.7567567567567568,0.7887323943661971,37.0
child,0.6,0.6176470588235294,0.608695652173913,34.0
chin,0.8064516129032258,0.7575757575757576,0.7812499999999999,33.0
chocolate,0.918918918918919,0.918918918918919,0.918918918918919,37.0
clean,0.675,0.7941176470588235,0.7297297297297296,34.0
close,0.78125,0.6756756756756757,0.7246376811594203,37.0
closet,0.868421052631579,0.8918918918918919,0.88,37.0
cloud,0.775,0.8157894736842105,0.7948717948717949,38.0
clown,0.9743589743589743,0.9743589743589743,0.9743589743589743,39.0
cow,0.9473684210526315,0.9,0.9230769230769231,40.0
cowboy,0.9714285714285714,0.8947368421052632,0.9315068493150684,38.0
cry,0.8484848484848485,0.717948717948718,0.7777777777777778,39.0
cut,0.7419354838709677,0.6571428571428571,0.6969696969696969,35.0
cute,0.9166666666666666,0.8918918918918919,0.9041095890410958,37.0
dad,0.8648648648648649,0.8421052631578947,0.8533333333333334,38.0
dance,0.5306122448979592,0.8387096774193549,0.65,31.0
dirty,0.7380952380952381,0.8611111111111112,0.7948717948717949,36.0
dog,0.8205128205128205,0.8648648648648649,0.8421052631578947,37.0
doll,0.9512195121951219,0.975,0.9629629629629629,40.0
donkey,0.8372093023255814,0.9230769230769231,0.878048780487805,39.0
down,0.7435897435897436,0.90625,0.8169014084507042,32.0
drawer,0.8611111111111112,0.8611111111111112,0.8611111111111112,36.0
drink,0.9487179487179487,0.925,0.9367088607594937,40.0
drop,0.6666666666666666,0.7058823529411765,0.6857142857142857,34.0
dry,0.8205128205128205,0.8205128205128205,0.8205128205128205,39.0
dryer,0.84375,0.7297297297297297,0.7826086956521738,37.0
duck,0.7804878048780488,0.7804878048780488,0.7804878048780488,41.0
ear,0.8378378378378378,0.8378378378378378,0.8378378378378378,37.0
elephant,0.8823529411764706,0.8108108108108109,0.8450704225352113,37.0
empty,0.7931034482758621,0.6388888888888888,0.7076923076923076,36.0
every,0.9117647058823529,0.8378378378378378,0.8732394366197184,37.0
eye,0.84375,0.6923076923076923,0.7605633802816902,39.0
face,0.75,0.6486486486486487,0.6956521739130435,37.0
fall,0.8484848484848485,0.7368421052631579,0.7887323943661972,38.0
farm,0.8947368421052632,0.85,0.8717948717948718,40.0
fast,0.8823529411764706,0.8333333333333334,0.8571428571428571,36.0
feet,0.8333333333333334,0.6944444444444444,0.7575757575757577,36.0
find,0.875,0.875,0.875,40.0
fine,0.8285714285714286,0.8285714285714286,0.8285714285714286,35.0
finger,0.75,0.7105263157894737,0.7297297297297298,38.0
finish,0.7857142857142857,0.8461538461538461,0.8148148148148148,39.0
fireman,0.95,0.926829268292683,0.9382716049382716,41.0
first,0.8604651162790697,0.925,0.891566265060241,40.0
fish,0.6744186046511628,0.7631578947368421,0.7160493827160495,38.0
flag,0.8888888888888888,0.8421052631578947,0.8648648648648649,38.0
flower,0.918918918918919,0.8947368421052632,0.9066666666666667,38.0
food,0.7608695652173914,0.8974358974358975,0.8235294117647058,39.0
for,0.9024390243902439,0.9736842105263158,0.9367088607594938,38.0
frenchfries,0.8461538461538461,0.8461538461538461,0.8461538461538461,39.0
frog,0.9743589743589743,0.9743589743589743,0.9743589743589743,39.0
garbage,0.8611111111111112,0.8378378378378378,0.8493150684931507,37.0
gift,0.6346153846153846,0.868421052631579,0.7333333333333333,38.0
giraffe,0.9354838709677419,0.7837837837837838,0.8529411764705881,37.0
girl,0.7441860465116279,0.8421052631578947,0.7901234567901234,38.0
give,0.6428571428571429,0.5294117647058824,0.5806451612903226,34.0
glasswindow,0.7435897435897436,0.7435897435897436,0.7435897435897437,39.0
go,0.7142857142857143,0.6410256410256411,0.6756756756756757,39.0
goose,0.7368421052631579,0.7,0.717948717948718,40.0
grandma,0.8387096774193549,0.6842105263157895,0.7536231884057972,38.0
grandpa,0.8048780487804879,0.8918918918918919,0.8461538461538461,37.0
grass,0.9705882352941176,0.868421052631579,0.9166666666666667,38.0
green,0.8095238095238095,0.8947368421052632,0.8500000000000001,38.0
gum,0.9487179487179487,0.9487179487179487,0.9487179487179487,39.0
hair,1.0,0.8205128205128205,0.9014084507042254,39.0
happy,0.7777777777777778,0.7777777777777778,0.7777777777777778,36.0
hat,0.7105263157894737,0.7941176470588235,0.7499999999999999,34.0
hate,0.7567567567567568,0.8,0.7777777777777778,35.0
have,0.7428571428571429,0.7647058823529411,0.7536231884057971,34.0
haveto,0.7941176470588235,0.7941176470588235,0.7941176470588235,34.0
head,0.875,0.9210526315789473,0.8974358974358975,38.0
hear,0.868421052631579,0.8048780487804879,0.8354430379746836,41.0
helicopter,0.8709677419354839,0.7297297297297297,0.7941176470588235,37.0
hello,0.9473684210526315,0.9230769230769231,0.935064935064935,39.0
hen,0.9444444444444444,0.8947368421052632,0.918918918918919,38.0
hesheit,0.84375,0.7941176470588235,0.8181818181818182,34.0
hide,0.7575757575757576,0.6944444444444444,0.7246376811594203,36.0
high,0.8780487804878049,0.972972972972973,0.923076923076923,37.0
home,0.9,0.9230769230769231,0.9113924050632911,39.0
horse,0.9473684210526315,0.9230769230769231,0.935064935064935,39.0
hot,0.9210526315789473,0.9210526315789473,0.9210526315789473,38.0
hungry,0.8461538461538461,0.8461538461538461,0.8461538461538461,39.0
icecream,0.8666666666666667,0.975,0.9176470588235294,40.0
if,0.9393939393939394,0.8611111111111112,0.8985507246376813,36.0
into,0.5384615384615384,0.5833333333333334,0.5599999999999999,36.0
jacket,0.5957446808510638,0.8235294117647058,0.691358024691358,34.0
jeans,0.8,0.631578947368421,0.7058823529411765,38.0
jump,0.7575757575757576,0.6578947368421053,0.704225352112676,38.0
kiss,0.7608695652173914,0.875,0.813953488372093,40.0
kitty,0.8235294117647058,0.7368421052631579,0.7777777777777778,38.0
lamp,0.8709677419354839,0.7297297297297297,0.7941176470588235,37.0
later,0.8571428571428571,0.9473684210526315,0.9,38.0
like,0.9375,0.7894736842105263,0.8571428571428572,38.0
lion,0.9210526315789473,0.9210526315789473,0.9210526315789473,38.0
lips,0.8,0.7,0.7466666666666666,40.0
listen,0.8333333333333334,0.875,0.8536585365853658,40.0
look,0.7777777777777778,0.6829268292682927,0.7272727272727273,41.0
loud,0.7272727272727273,0.8648648648648649,0.7901234567901235,37.0
mad,0.8292682926829268,0.8947368421052632,0.860759493670886,38.0
make,0.868421052631579,0.825,0.8461538461538461,40.0
man,0.8888888888888888,0.8205128205128205,0.8533333333333333,39.0
many,0.8181818181818182,0.9473684210526315,0.8780487804878049,38.0
milk,0.8717948717948718,0.9444444444444444,0.9066666666666667,36.0
minemy,0.7894736842105263,0.8108108108108109,0.8,37.0
mitten,0.9032258064516129,0.7777777777777778,0.835820895522388,36.0
mom,0.7441860465116279,0.8421052631578947,0.7901234567901234,38.0
moon,0.9459459459459459,0.9210526315789473,0.9333333333333332,38.0
morning,0.8055555555555556,0.7837837837837838,0.7945205479452055,37.0
mouse,0.8333333333333334,0.8536585365853658,0.8433734939759037,41.0
mouth,0.6923076923076923,0.7105263157894737,0.7012987012987013,38.0
nap,0.92,0.6052631578947368,0.7301587301587301,38.0
napkin,0.9142857142857143,0.8,0.8533333333333333,40.0
night,0.7058823529411765,0.7058823529411765,0.7058823529411765,34.0
no,0.84375,0.7297297297297297,0.7826086956521738,37.0
noisy,0.7837837837837838,0.8285714285714286,0.8055555555555555,35.0
nose,1.0,0.918918918918919,0.9577464788732395,37.0
not,0.8378378378378378,0.8378378378378378,0.8378378378378378,37.0
now,0.9444444444444444,0.918918918918919,0.9315068493150684,37.0
nuts,0.972972972972973,0.8780487804878049,0.923076923076923,41.0
old,0.9090909090909091,0.7692307692307693,0.8333333333333333,39.0
on,0.6666666666666666,0.7777777777777778,0.717948717948718,36.0
open,0.72,0.5,0.5901639344262295,36.0
orange,0.8571428571428571,0.9230769230769231,0.888888888888889,39.0
outside,0.875,0.7368421052631579,0.7999999999999999,38.0
owie,0.8823529411764706,0.8333333333333334,0.8571428571428571,36.0
owl,0.9473684210526315,0.9,0.9230769230769231,40.0
pajamas,0.90625,0.7435897435897436,0.8169014084507042,39.0
pen,0.7,0.7,0.7,40.0
pencil,0.7647058823529411,0.6842105263157895,0.7222222222222222,38.0
penny,0.8571428571428571,0.7692307692307693,0.8108108108108107,39.0
person,0.7142857142857143,0.8064516129032258,0.7575757575757576,31.0
pig,0.8285714285714286,0.8285714285714286,0.8285714285714286,35.0
pizza,0.9,0.9,0.9,40.0
please,0.8421052631578947,0.8421052631578947,0.8421052631578947,38.0
police,0.96875,0.8157894736842105,0.8857142857142857,38.0
pool,0.7368421052631579,0.7777777777777778,0.7567567567567567,36.0
potty,0.7619047619047619,0.9142857142857143,0.8311688311688312,35.0
pretend,0.825,0.825,0.825,40.0
pretty,0.7674418604651163,0.8461538461538461,0.8048780487804877,39.0
puppy,0.7741935483870968,0.6857142857142857,0.7272727272727272,35.0
puzzle,0.6829268292682927,0.8235294117647058,0.7466666666666667,34.0
quiet,0.8157894736842105,0.8611111111111112,0.8378378378378377,36.0
radio,0.925,0.9487179487179487,0.9367088607594937,39.0
rain,0.7111111111111111,0.8648648648648649,0.7804878048780488,37.0
read,0.8285714285714286,0.8285714285714286,0.8285714285714286,35.0
red,0.7368421052631579,0.7777777777777778,0.7567567567567567,36.0
refrigerator,0.8529411764705882,0.8529411764705882,0.8529411764705882,34.0
ride,0.7878787878787878,0.7647058823529411,0.7761194029850745,34.0
room,0.6904761904761905,0.7837837837837838,0.7341772151898734,37.0
sad,0.9210526315789473,0.8974358974358975,0.9090909090909091,39.0
same,0.7948717948717948,0.8611111111111112,0.8266666666666667,36.0
say,0.75,0.7894736842105263,0.7692307692307692,38.0
scissors,0.7575757575757576,0.6944444444444444,0.7246376811594203,36.0
see,0.8571428571428571,0.9230769230769231,0.888888888888889,39.0
shhh,0.9302325581395349,0.975609756097561,0.9523809523809524,41.0
shirt,0.7027027027027027,0.7428571428571429,0.7222222222222223,35.0
shoe,0.6666666666666666,0.9142857142857143,0.7710843373493975,35.0
shower,0.8888888888888888,0.8648648648648649,0.8767123287671232,37.0
sick,0.9705882352941176,0.868421052631579,0.9166666666666667,38.0
sleep,0.5869565217391305,0.7105263157894737,0.6428571428571428,38.0
sleepy,0.8055555555555556,0.7073170731707317,0.7532467532467532,41.0
smile,0.8787878787878788,0.7837837837837838,0.8285714285714285,37.0
snack,0.9,0.7105263157894737,0.7941176470588235,38.0
snow,0.8888888888888888,0.8421052631578947,0.8648648648648649,38.0
stairs,0.9354838709677419,0.7631578947368421,0.8405797101449276,38.0
stay,0.7073170731707317,0.7837837837837838,0.7435897435897435,37.0
sticky,0.7272727272727273,0.7058823529411765,0.7164179104477613,34.0
store,0.8974358974358975,0.9210526315789473,0.9090909090909091,38.0
story,0.7941176470588235,0.7297297297297297,0.7605633802816901,37.0
stuck,0.9090909090909091,0.9090909090909091,0.9090909090909091,33.0
sun,0.8157894736842105,0.7948717948717948,0.8051948051948051,39.0
table,0.7105263157894737,0.8181818181818182,0.7605633802816901,33.0
talk,0.85,0.8717948717948718,0.8607594936708861,39.0
taste,0.7857142857142857,0.8461538461538461,0.8148148148148148,39.0
thankyou,0.7804878048780488,0.9142857142857143,0.8421052631578947,35.0
that,0.8055555555555556,0.7631578947368421,0.7837837837837838,38.0
there,0.6551724137931034,0.5277777777777778,0.5846153846153845,36.0
think,0.7555555555555555,0.8717948717948718,0.8095238095238095,39.0
thirsty,0.85,0.9444444444444444,0.8947368421052632,36.0
tiger,0.9736842105263158,0.9487179487179487,0.9610389610389611,39.0
time,0.717948717948718,0.7567567567567568,0.736842105263158,37.0
tomorrow,0.9230769230769231,0.9230769230769231,0.9230769230769231,39.0
tongue,0.7894736842105263,0.8333333333333334,0.8108108108108109,36.0
tooth,0.7631578947368421,0.7435897435897436,0.7532467532467534,39.0
toothbrush,0.7906976744186046,0.8717948717948718,0.8292682926829267,39.0
touch,0.9,0.7297297297297297,0.8059701492537312,37.0
toy,0.8918918918918919,0.8918918918918919,0.8918918918918919,37.0
tree,0.6842105263157895,0.6842105263157895,0.6842105263157895,38.0
uncle,0.9302325581395349,1.0,0.963855421686747,40.0
underwear,0.8333333333333334,0.8108108108108109,0.8219178082191781,37.0
up,0.90625,0.7435897435897436,0.8169014084507042,39.0
vacuum,0.5714285714285714,0.7741935483870968,0.6575342465753424,31.0
wait,0.5897435897435898,0.6571428571428571,0.6216216216216216,35.0
wake,0.5,0.55,0.5238095238095238,40.0
water,0.9736842105263158,0.9487179487179487,0.9610389610389611,39.0
wet,0.6944444444444444,0.6944444444444444,0.6944444444444444,36.0
weus,0.8,0.7567567567567568,0.7777777777777778,37.0
where,0.9459459459459459,0.9459459459459459,0.9459459459459459,37.0
white,0.8157894736842105,0.8378378378378378,0.8266666666666665,37.0
who,1.0,0.8536585365853658,0.9210526315789475,41.0
why,0.8421052631578947,0.9142857142857143,0.8767123287671234,35.0
will,0.8709677419354839,0.7297297297297297,0.7941176470588235,37.0
wolf,0.868421052631579,0.868421052631579,0.868421052631579,38.0
yellow,0.8809523809523809,0.9736842105263158,0.925,38.0
yes,0.7380952380952381,0.8157894736842105,0.775,38.0
yesterday,0.9166666666666666,0.825,0.8684210526315789,40.0
yourself,0.8,0.9230769230769231,0.8571428571428571,39.0
yucky,0.7619047619047619,0.8648648648648649,0.810126582278481,37.0
zebra,0.8222222222222222,0.9736842105263158,0.891566265060241,38.0
zipper,0.6486486486486487,0.8,0.7164179104477612,30.0
accuracy,0.8162457191780822,0.8162457191780822,0.8162457191780822,0.8162457191780822
macro avg,0.8188924670620422,0.8148889610095457,0.8139584992531226,9344.0
weighted avg,0.8217247021047156,0.8162457191780822,0.8161056319546134,9344.0
